{"info":{"year":"2024","version":"1","description":"Exported from roboflow.com","contributor":"","url":"https://public.roboflow.com/object-detection/undefined","date_created":"2024-05-11T04:54:11+00:00"},"licenses":[{"id":1,"url":"https://creativecommons.org/publicdomain/zero/1.0/","name":"Public Domain"}],"categories":[{"id":0,"name":"bread","supercategory":"none"},{"id":1,"name":"Caterpillar","supercategory":"bread"},{"id":2,"name":"Cream bread","supercategory":"bread"},{"id":3,"name":"Donut","supercategory":"bread"},{"id":4,"name":"Smiley bread","supercategory":"bread"},{"id":5,"name":"cup bread","supercategory":"bread"},{"id":6,"name":"fat bread","supercategory":"bread"}],"images":[{"id":0,"license":1,"file_name":"thumb-30-_jpg.rf.2840d94c2e0fcc65a71c286fae1047a9.jpg","height":640,"width":640,"date_captured":"2024-05-11T04:54:11+00:00"},{"id":1,"license":1,"file_name":"thumb-35-_jpg.rf.0ea0c11376e7a218466d712c2faf0a48.jpg","height":640,"width":640,"date_captured":"2024-05-11T04:54:11+00:00"},{"id":2,"license":1,"file_name":"thumb-20-_jpg.rf.2a7ebbf776fc52e94df6da6cfd20ffae.jpg","height":640,"width":640,"date_captured":"2024-05-11T04:54:11+00:00"},{"id":3,"license":1,"file_name":"thumb-19-_jpg.rf.09dd7137ea038235fbc7a7ad86bae04e.jpg","height":640,"width":640,"date_captured":"2024-05-11T04:54:11+00:00"},{"id":4,"license":1,"file_name":"thumb-33-_jpg.rf.1b2d78f0b8b21e20dd5f388a7a459330.jpg","height":640,"width":640,"date_captured":"2024-05-11T04:54:11+00:00"},{"id":5,"license":1,"file_name":"thumb-33-_jpg.rf.37a18445fa36cf81def22c1d815b369a.jpg","height":640,"width":640,"date_captured":"2024-05-11T04:54:11+00:00"},{"id":6,"license":1,"file_name":"thumb-34-_jpg.rf.242f8dce17881fe694fea780dcf901bc.jpg","height":640,"width":640,"date_captured":"2024-05-11T04:54:11+00:00"},{"id":7,"license":1,"file_name":"thumb-11-_jpg.rf.256c6004d77b988c623d6050c6981ffc.jpg","height":640,"width":640,"date_captured":"2024-05-11T04:54:11+00:00"},{"id":8,"license":1,"file_name":"thumb-30-_jpg.rf.0d6bdbaf446c63ba5b734b7078a936f9.jpg","height":640,"width":640,"date_captured":"2024-05-11T04:54:11+00:00"},{"id":9,"license":1,"file_name":"thumb-26-_jpg.rf.06c3850a3d69f6867f412d9e52eea78d.jpg","height":640,"width":640,"date_captured":"2024-05-11T04:54:11+00:00"},{"id":10,"license":1,"file_name":"thumb-36-_jpg.rf.2aea53b1906dfda91a0f51838f0054f2.jpg","height":640,"width":640,"date_captured":"2024-05-11T04:54:11+00:00"},{"id":11,"license":1,"file_name":"thumb-17-_jpg.rf.31ce182948a4c29f99d82a8c7b1c7977.jpg","height":640,"width":640,"date_captured":"2024-05-11T04:54:11+00:00"},{"id":12,"license":1,"file_name":"thumb-15-_jpg.rf.1c2ac4e551c0f28f1fd4b1336a77627d.jpg","height":640,"width":640,"date_captured":"2024-05-11T04:54:11+00:00"},{"id":13,"license":1,"file_name":"thumb-4-_jpg.rf.0fa4a1fedb0a7107646a1b2054af969c.jpg","height":640,"width":640,"date_captured":"2024-05-11T04:54:11+00:00"},{"id":14,"license":1,"file_name":"thumb-34-_jpg.rf.11b946940430388efaed5fc03a550544.jpg","height":640,"width":640,"date_captured":"2024-05-11T04:54:11+00:00"},{"id":15,"license":1,"file_name":"thumb-9-_jpg.rf.08bbd53f7030ae70621b6020b58b85d2.jpg","height":640,"width":640,"date_captured":"2024-05-11T04:54:11+00:00"},{"id":16,"license":1,"file_name":"thumb-4-_jpg.rf.2671955f7ff133ede118ab729b2bb799.jpg","height":640,"width":640,"date_captured":"2024-05-11T04:54:11+00:00"},{"id":17,"license":1,"file_name":"thumb-7-_jpg.rf.2845c6722cd606f5f63b54f0fdee9208.jpg","height":640,"width":640,"date_captured":"2024-05-11T04:54:11+00:00"},{"id":18,"license":1,"file_name":"thumb-12-_jpg.rf.38b19b4480d4e4f8a5848a5b7f0103c9.jpg","height":640,"width":640,"date_captured":"2024-05-11T04:54:11+00:00"},{"id":19,"license":1,"file_name":"thumb-16-_jpg.rf.3563694e393a60db26c75069b87b983e.jpg","height":640,"width":640,"date_captured":"2024-05-11T04:54:11+00:00"},{"id":20,"license":1,"file_name":"thumb-12-_jpg.rf.46128a994a6c7968138f6945ea62c01e.jpg","height":640,"width":640,"date_captured":"2024-05-11T04:54:11+00:00"},{"id":21,"license":1,"file_name":"thumb-15-_jpg.rf.3d86d6d080f7fc868695e0e4164740a0.jpg","height":640,"width":640,"date_captured":"2024-05-11T04:54:11+00:00"},{"id":22,"license":1,"file_name":"thumb-9-_jpg.rf.47885b2ac45bc81a58fff73a3768e464.jpg","height":640,"width":640,"date_captured":"2024-05-11T04:54:11+00:00"},{"id":23,"license":1,"file_name":"thumb-31-_jpg.rf.260e90a7015e1eefce8e02465f4c0de6.jpg","height":640,"width":640,"date_captured":"2024-05-11T04:54:11+00:00"},{"id":24,"license":1,"file_name":"thumb-11-_jpg.rf.4a062e0eb7ccc09579cb91061fb04912.jpg","height":640,"width":640,"date_captured":"2024-05-11T04:54:11+00:00"},{"id":25,"license":1,"file_name":"thumb-27-_jpg.rf.4722dcebac509c16642af7c0cd771d07.jpg","height":640,"width":640,"date_captured":"2024-05-11T04:54:11+00:00"},{"id":26,"license":1,"file_name":"thumb-28-_jpg.rf.626e8b59a9f123591454d7a579a432ab.jpg","height":640,"width":640,"date_captured":"2024-05-11T04:54:11+00:00"},{"id":27,"license":1,"file_name":"thumb-25-_jpg.rf.04b48a2727f9ac9f1a25a3bd89176fb3.jpg","height":640,"width":640,"date_captured":"2024-05-11T04:54:11+00:00"},{"id":28,"license":1,"file_name":"thumb-34-_jpg.rf.6940c2fdb9ae8aad172e1c0ad041ea42.jpg","height":640,"width":640,"date_captured":"2024-05-11T04:54:11+00:00"},{"id":29,"license":1,"file_name":"thumb-32-_jpg.rf.56cf402d0a2d2e89303b0930b074b978.jpg","height":640,"width":640,"date_captured":"2024-05-11T04:54:11+00:00"},{"id":30,"license":1,"file_name":"thumb-32-_jpg.rf.7223a22468936ad8fe924da4dcead09a.jpg","height":640,"width":640,"date_captured":"2024-05-11T04:54:11+00:00"},{"id":31,"license":1,"file_name":"thumb-1-_jpg.rf.61c1486116d6010204776f56c85189c7.jpg","height":640,"width":640,"date_captured":"2024-05-11T04:54:11+00:00"},{"id":32,"license":1,"file_name":"thumb-10-_jpg.rf.4a59a58af0fd0b374ad7dcd9721411d6.jpg","height":640,"width":640,"date_captured":"2024-05-11T04:54:11+00:00"},{"id":33,"license":1,"file_name":"thumb-17-_jpg.rf.7e2f641594929ee95ecf7a70afe11f3f.jpg","height":640,"width":640,"date_captured":"2024-05-11T04:54:11+00:00"},{"id":34,"license":1,"file_name":"thumb-15-_jpg.rf.655fea8b4c88a27e7ca7dc03069361df.jpg","height":640,"width":640,"date_captured":"2024-05-11T04:54:11+00:00"},{"id":35,"license":1,"file_name":"thumb-22-_jpg.rf.9fdfb48791c67f30c8f90164361d8f8f.jpg","height":640,"width":640,"date_captured":"2024-05-11T04:54:11+00:00"},{"id":36,"license":1,"file_name":"thumb-19-_jpg.rf.4895e0602fae93879557f32ae97c074e.jpg","height":640,"width":640,"date_captured":"2024-05-11T04:54:11+00:00"},{"id":37,"license":1,"file_name":"thumb-31-_jpg.rf.68a83034c749202ce46dda7155d05fcc.jpg","height":640,"width":640,"date_captured":"2024-05-11T04:54:11+00:00"},{"id":38,"license":1,"file_name":"thumb-9-_jpg.rf.6272fec3ed9b20b156a5f09a57e1fbba.jpg","height":640,"width":640,"date_captured":"2024-05-11T04:54:11+00:00"},{"id":39,"license":1,"file_name":"thumb-25-_jpg.rf.a88395945251b5ba2b0264f8f0629311.jpg","height":640,"width":640,"date_captured":"2024-05-11T04:54:11+00:00"},{"id":40,"license":1,"file_name":"thumb-2-_jpg.rf.b16e6dd3a8a3f74ebd3d59243b32d80d.jpg","height":640,"width":640,"date_captured":"2024-05-11T04:54:11+00:00"},{"id":41,"license":1,"file_name":"thumb-16-_jpg.rf.63ab5dd5dbd75666fbbef103264a7b5f.jpg","height":640,"width":640,"date_captured":"2024-05-11T04:54:11+00:00"},{"id":42,"license":1,"file_name":"thumb-28-_jpg.rf.9c04d87b95d3a9f034206b85fdf98d27.jpg","height":640,"width":640,"date_captured":"2024-05-11T04:54:11+00:00"},{"id":43,"license":1,"file_name":"thumb-7-_jpg.rf.801f4f8a48f356c8c1059a227e24c273.jpg","height":640,"width":640,"date_captured":"2024-05-11T04:54:11+00:00"},{"id":44,"license":1,"file_name":"thumb-28-_jpg.rf.b42a26693efc16c4f769c236cc53be8e.jpg","height":640,"width":640,"date_captured":"2024-05-11T04:54:11+00:00"},{"id":45,"license":1,"file_name":"thumb-11-_jpg.rf.b009b5857e32732534d25d75ac7a4d18.jpg","height":640,"width":640,"date_captured":"2024-05-11T04:54:11+00:00"},{"id":46,"license":1,"file_name":"thumb_jpg.rf.824d6781a984697bd437eddc67436562.jpg","height":640,"width":640,"date_captured":"2024-05-11T04:54:11+00:00"},{"id":47,"license":1,"file_name":"thumb_jpg.rf.6aa8a9b9a14fa0112da73175f7516601.jpg","height":640,"width":640,"date_captured":"2024-05-11T04:54:11+00:00"},{"id":48,"license":1,"file_name":"thumb-27-_jpg.rf.b1fa50de8ed463ff7d4074bdb2eea641.jpg","height":640,"width":640,"date_captured":"2024-05-11T04:54:11+00:00"},{"id":49,"license":1,"file_name":"thumb-10-_jpg.rf.7b6a94fd8846a11d3fdbf8d320e03469.jpg","height":640,"width":640,"date_captured":"2024-05-11T04:54:11+00:00"},{"id":50,"license":1,"file_name":"thumb-1-_jpg.rf.b3baa3fdb456f2195bd7c8dd49ea8cec.jpg","height":640,"width":640,"date_captured":"2024-05-11T04:54:11+00:00"},{"id":51,"license":1,"file_name":"thumb-36-_jpg.rf.c79dc1546d473ae814e19aca1a049533.jpg","height":640,"width":640,"date_captured":"2024-05-11T04:54:11+00:00"},{"id":52,"license":1,"file_name":"thumb-2-_jpg.rf.6236d03aa9dff8888929bce34b0c5475.jpg","height":640,"width":640,"date_captured":"2024-05-11T04:54:11+00:00"},{"id":53,"license":1,"file_name":"thumb-32-_jpg.rf.a01da19ee22d0cef4e09de6339f43263.jpg","height":640,"width":640,"date_captured":"2024-05-11T04:54:11+00:00"},{"id":54,"license":1,"file_name":"thumb-36-_jpg.rf.9801f50d5b3a870d6295b4e2225f7ed2.jpg","height":640,"width":640,"date_captured":"2024-05-11T04:54:11+00:00"},{"id":55,"license":1,"file_name":"thumb-6-_jpg.rf.bb499128583345495b4df712e188375e.jpg","height":640,"width":640,"date_captured":"2024-05-11T04:54:11+00:00"},{"id":56,"license":1,"file_name":"thumb-10-_jpg.rf.bd54a90780f60be1cb1efe7230a3acdc.jpg","height":640,"width":640,"date_captured":"2024-05-11T04:54:11+00:00"},{"id":57,"license":1,"file_name":"thumb-25-_jpg.rf.c139199c01b7498c0db4cad3a9191e04.jpg","height":640,"width":640,"date_captured":"2024-05-11T04:54:11+00:00"},{"id":58,"license":1,"file_name":"thumb-12-_jpg.rf.6d8ac773630702b36a30b3cb31889bfc.jpg","height":640,"width":640,"date_captured":"2024-05-11T04:54:11+00:00"},{"id":59,"license":1,"file_name":"thumb-35-_jpg.rf.cc340f0773d546f8c4b2a41c487b0d44.jpg","height":640,"width":640,"date_captured":"2024-05-11T04:54:11+00:00"},{"id":60,"license":1,"file_name":"thumb-27-_jpg.rf.c7a0ccbdc25f70621873dc873e5ef6c5.jpg","height":640,"width":640,"date_captured":"2024-05-11T04:54:11+00:00"},{"id":61,"license":1,"file_name":"thumb-26-_jpg.rf.a534842849109530e2ad47fe6d4ee586.jpg","height":640,"width":640,"date_captured":"2024-05-11T04:54:11+00:00"},{"id":62,"license":1,"file_name":"thumb-20-_jpg.rf.d6feed253f54782feffb27b9b2c33a2f.jpg","height":640,"width":640,"date_captured":"2024-05-11T04:54:11+00:00"},{"id":63,"license":1,"file_name":"thumb-2-_jpg.rf.b8909ee4948a84a1059ddff1af0cf916.jpg","height":640,"width":640,"date_captured":"2024-05-11T04:54:11+00:00"},{"id":64,"license":1,"file_name":"thumb-7-_jpg.rf.ad5022548cf4b5e2bf013cf8b7265eb1.jpg","height":640,"width":640,"date_captured":"2024-05-11T04:54:11+00:00"},{"id":65,"license":1,"file_name":"thumb-16-_jpg.rf.d4f12d06d97fd195e4c37a1f145bf104.jpg","height":640,"width":640,"date_captured":"2024-05-11T04:54:11+00:00"},{"id":66,"license":1,"file_name":"thumb-17-_jpg.rf.d1b30a4b70706fb954f0d3d0b8c1beee.jpg","height":640,"width":640,"date_captured":"2024-05-11T04:54:11+00:00"},{"id":67,"license":1,"file_name":"thumb-19-_jpg.rf.e2aa33ba0456eba4a439c7fb6414ca1a.jpg","height":640,"width":640,"date_captured":"2024-05-11T04:54:11+00:00"},{"id":68,"license":1,"file_name":"thumb-6-_jpg.rf.e24129fec6540ee364470ba5fa10abd1.jpg","height":640,"width":640,"date_captured":"2024-05-11T04:54:11+00:00"},{"id":69,"license":1,"file_name":"thumb-26-_jpg.rf.d781204ad2c6179b3a1027adff1a42e1.jpg","height":640,"width":640,"date_captured":"2024-05-11T04:54:11+00:00"},{"id":70,"license":1,"file_name":"thumb-22-_jpg.rf.db7ace4eaa04df387f3829b3aa159946.jpg","height":640,"width":640,"date_captured":"2024-05-11T04:54:11+00:00"},{"id":71,"license":1,"file_name":"thumb-33-_jpg.rf.d8bb4f5e00237cf9f8bc3cfc109e6ebe.jpg","height":640,"width":640,"date_captured":"2024-05-11T04:54:11+00:00"},{"id":72,"license":1,"file_name":"thumb-35-_jpg.rf.e5213d275c6d7f104a11eaf41f9cd044.jpg","height":640,"width":640,"date_captured":"2024-05-11T04:54:11+00:00"},{"id":73,"license":1,"file_name":"thumb-20-_jpg.rf.d5f81091217c408693b9af7dfe8e254b.jpg","height":640,"width":640,"date_captured":"2024-05-11T04:54:11+00:00"},{"id":74,"license":1,"file_name":"thumb-1-_jpg.rf.e49ebc6843ea2a0278cbc10d017df327.jpg","height":640,"width":640,"date_captured":"2024-05-11T04:54:11+00:00"},{"id":75,"license":1,"file_name":"thumb_jpg.rf.f3b159d7ad4fd6ebe41beb8158dd2066.jpg","height":640,"width":640,"date_captured":"2024-05-11T04:54:11+00:00"},{"id":76,"license":1,"file_name":"thumb-22-_jpg.rf.ebab5748231cd9c783be1b08ecee9966.jpg","height":640,"width":640,"date_captured":"2024-05-11T04:54:11+00:00"},{"id":77,"license":1,"file_name":"thumb-31-_jpg.rf.dd794c161d3ebbe51b18afc8247a93f6.jpg","height":640,"width":640,"date_captured":"2024-05-11T04:54:11+00:00"},{"id":78,"license":1,"file_name":"thumb-4-_jpg.rf.fefacbd6fe81a8799d79196318e01be5.jpg","height":640,"width":640,"date_captured":"2024-05-11T04:54:11+00:00"},{"id":79,"license":1,"file_name":"thumb-30-_jpg.rf.f85a646ea7cd042205afb5215d31d74b.jpg","height":640,"width":640,"date_captured":"2024-05-11T04:54:11+00:00"},{"id":80,"license":1,"file_name":"thumb-6-_jpg.rf.e4bd3a9b49760fc40ad92f27f9b4cea2.jpg","height":640,"width":640,"date_captured":"2024-05-11T04:54:11+00:00"}],"annotations":[{"id":0,"image_id":0,"category_id":3,"bbox":[63,0,327,204],"area":66708,"segmentation":[],"iscrowd":0},{"id":1,"image_id":0,"category_id":5,"bbox":[390,0,250,148],"area":37000,"segmentation":[],"iscrowd":0},{"id":2,"image_id":0,"category_id":4,"bbox":[83,204,307,431],"area":132317,"segmentation":[],"iscrowd":0},{"id":3,"image_id":0,"category_id":6,"bbox":[390,204,250,436],"area":109000,"segmentation":[],"iscrowd":0},{"id":4,"image_id":1,"category_id":4,"bbox":[153,121,380,398.5],"area":151430,"segmentation":[],"iscrowd":0},{"id":5,"image_id":2,"category_id":1,"bbox":[0,19,364,211],"area":76804,"segmentation":[],"iscrowd":0},{"id":6,"image_id":2,"category_id":4,"bbox":[396,0,172,230],"area":39560,"segmentation":[],"iscrowd":0},{"id":7,"image_id":2,"category_id":2,"bbox":[396,230,244,410],"area":100040,"segmentation":[],"iscrowd":0},{"id":8,"image_id":3,"category_id":6,"bbox":[0,0,281,243],"area":68283,"segmentation":[],"iscrowd":0},{"id":9,"image_id":3,"category_id":1,"bbox":[281,0,359,243],"area":87237,"segmentation":[],"iscrowd":0},{"id":10,"image_id":3,"category_id":4,"bbox":[0,243,281,336],"area":94416,"segmentation":[],"iscrowd":0},{"id":11,"image_id":3,"category_id":5,"bbox":[391,365,249,275],"area":68475,"segmentation":[],"iscrowd":0},{"id":12,"image_id":4,"category_id":5,"bbox":[0,0,205,224],"area":45920,"segmentation":[],"iscrowd":0},{"id":13,"image_id":4,"category_id":2,"bbox":[396,0,244,224],"area":54656,"segmentation":[],"iscrowd":0},{"id":14,"image_id":4,"category_id":3,"bbox":[59,233,337,407],"area":137159,"segmentation":[],"iscrowd":0},{"id":15,"image_id":4,"category_id":4,"bbox":[396,228,244,412],"area":100528,"segmentation":[],"iscrowd":0},{"id":16,"image_id":5,"category_id":5,"bbox":[317,0,323,503],"area":162469,"segmentation":[],"iscrowd":0},{"id":17,"image_id":6,"category_id":4,"bbox":[0,0,230,384],"area":88320,"segmentation":[],"iscrowd":0},{"id":18,"image_id":6,"category_id":1,"bbox":[230,174,410,210],"area":86100,"segmentation":[],"iscrowd":0},{"id":19,"image_id":6,"category_id":1,"bbox":[0,474,230,166],"area":38180,"segmentation":[],"iscrowd":0},{"id":20,"image_id":6,"category_id":1,"bbox":[242,384,398,256],"area":101888,"segmentation":[],"iscrowd":0},{"id":21,"image_id":7,"category_id":2,"bbox":[0,0,249,416],"area":103584,"segmentation":[],"iscrowd":0},{"id":22,"image_id":7,"category_id":1,"bbox":[249,0,391,416],"area":162656,"segmentation":[],"iscrowd":0},{"id":23,"image_id":7,"category_id":3,"bbox":[0,416,249,224],"area":55776,"segmentation":[],"iscrowd":0},{"id":24,"image_id":7,"category_id":2,"bbox":[387,416,253,224],"area":56672,"segmentation":[],"iscrowd":0},{"id":25,"image_id":8,"category_id":3,"bbox":[0,0,230,315],"area":72450,"segmentation":[],"iscrowd":0},{"id":26,"image_id":8,"category_id":5,"bbox":[230,0,362,339],"area":122718,"segmentation":[],"iscrowd":0},{"id":27,"image_id":8,"category_id":6,"bbox":[0,339,230,301],"area":69230,"segmentation":[],"iscrowd":0},{"id":28,"image_id":8,"category_id":6,"bbox":[230,339,390,301],"area":117390,"segmentation":[],"iscrowd":0},{"id":29,"image_id":9,"category_id":6,"bbox":[0,0,285,288],"area":82080,"segmentation":[],"iscrowd":0},{"id":30,"image_id":9,"category_id":2,"bbox":[345,0,295,195],"area":57525,"segmentation":[],"iscrowd":0},{"id":31,"image_id":9,"category_id":5,"bbox":[0,288,345,326],"area":112470,"segmentation":[],"iscrowd":0},{"id":32,"image_id":9,"category_id":5,"bbox":[414,288,226,352],"area":79552,"segmentation":[],"iscrowd":0},{"id":33,"image_id":10,"category_id":5,"bbox":[0,0,279,268],"area":74772,"segmentation":[],"iscrowd":0},{"id":34,"image_id":10,"category_id":5,"bbox":[345,0,233,268],"area":62444,"segmentation":[],"iscrowd":0},{"id":35,"image_id":10,"category_id":4,"bbox":[345,268,269,372],"area":100068,"segmentation":[],"iscrowd":0},{"id":36,"image_id":11,"category_id":2,"bbox":[0,0,224,364],"area":81536,"segmentation":[],"iscrowd":0},{"id":37,"image_id":11,"category_id":3,"bbox":[350,6,290,358],"area":103820,"segmentation":[],"iscrowd":0},{"id":38,"image_id":11,"category_id":3,"bbox":[0,364,111,276],"area":30636,"segmentation":[],"iscrowd":0},{"id":39,"image_id":11,"category_id":1,"bbox":[224,437,416,203],"area":84448,"segmentation":[],"iscrowd":0},{"id":40,"image_id":12,"category_id":3,"bbox":[183,38,358,534.5],"area":191351,"segmentation":[],"iscrowd":0},{"id":41,"image_id":13,"category_id":1,"bbox":[87,92,525.5,457],"area":240153.5,"segmentation":[],"iscrowd":0},{"id":42,"image_id":14,"category_id":4,"bbox":[0,14,296,402],"area":118992,"segmentation":[],"iscrowd":0},{"id":43,"image_id":14,"category_id":1,"bbox":[396,62,244,354],"area":86376,"segmentation":[],"iscrowd":0},{"id":44,"image_id":14,"category_id":6,"bbox":[29,416,279,224],"area":62496,"segmentation":[],"iscrowd":0},{"id":45,"image_id":14,"category_id":5,"bbox":[396,416,244,224],"area":54656,"segmentation":[],"iscrowd":0},{"id":46,"image_id":15,"category_id":4,"bbox":[4,95,360,199],"area":71640,"segmentation":[],"iscrowd":0},{"id":47,"image_id":15,"category_id":2,"bbox":[364,0,276,294],"area":81144,"segmentation":[],"iscrowd":0},{"id":48,"image_id":15,"category_id":2,"bbox":[0,294,364,283],"area":103012,"segmentation":[],"iscrowd":0},{"id":49,"image_id":15,"category_id":4,"bbox":[364,294,100,346],"area":34600,"segmentation":[],"iscrowd":0},{"id":50,"image_id":16,"category_id":1,"bbox":[0,5,288,385],"area":110880,"segmentation":[],"iscrowd":0},{"id":51,"image_id":16,"category_id":3,"bbox":[347,0,293,376],"area":110168,"segmentation":[],"iscrowd":0},{"id":52,"image_id":16,"category_id":5,"bbox":[0,390,288,250],"area":72000,"segmentation":[],"iscrowd":0},{"id":53,"image_id":16,"category_id":6,"bbox":[318,390,322,250],"area":80500,"segmentation":[],"iscrowd":0},{"id":54,"image_id":17,"category_id":1,"bbox":[0,0,403,230],"area":92690,"segmentation":[],"iscrowd":0},{"id":55,"image_id":17,"category_id":6,"bbox":[403,0,237,300],"area":71100,"segmentation":[],"iscrowd":0},{"id":56,"image_id":17,"category_id":6,"bbox":[0,300,403,340],"area":137020,"segmentation":[],"iscrowd":0},{"id":57,"image_id":17,"category_id":6,"bbox":[403,300,237,340],"area":80580,"segmentation":[],"iscrowd":0},{"id":58,"image_id":18,"category_id":2,"bbox":[0,0,256,326],"area":83456,"segmentation":[],"iscrowd":0},{"id":59,"image_id":18,"category_id":3,"bbox":[256,0,357,326],"area":116382,"segmentation":[],"iscrowd":0},{"id":60,"image_id":18,"category_id":6,"bbox":[0,326,218,313],"area":68234,"segmentation":[],"iscrowd":0},{"id":61,"image_id":18,"category_id":6,"bbox":[256,326,384,314],"area":120576,"segmentation":[],"iscrowd":0},{"id":62,"image_id":19,"category_id":2,"bbox":[80,117,555,459.5],"area":255022.5,"segmentation":[],"iscrowd":0},{"id":63,"image_id":20,"category_id":2,"bbox":[109,10,514.5,589],"area":303040.5,"segmentation":[],"iscrowd":0},{"id":64,"image_id":21,"category_id":3,"bbox":[34,0,234,352],"area":82368,"segmentation":[],"iscrowd":0},{"id":65,"image_id":21,"category_id":6,"bbox":[268,0,342,352],"area":120384,"segmentation":[],"iscrowd":0},{"id":66,"image_id":21,"category_id":3,"bbox":[0,384,268,256],"area":68608,"segmentation":[],"iscrowd":0},{"id":67,"image_id":22,"category_id":4,"bbox":[225,25,387.5,459],"area":177862.5,"segmentation":[],"iscrowd":0},{"id":68,"image_id":23,"category_id":1,"bbox":[48,188,552.5,385],"area":212712.5,"segmentation":[],"iscrowd":0},{"id":69,"image_id":24,"category_id":2,"bbox":[120,49,466,533],"area":248378,"segmentation":[],"iscrowd":0},{"id":70,"image_id":25,"category_id":3,"bbox":[131,56,381,535.5],"area":204025.5,"segmentation":[],"iscrowd":0},{"id":71,"image_id":26,"category_id":6,"bbox":[0,0,420,249],"area":104580,"segmentation":[],"iscrowd":0},{"id":72,"image_id":26,"category_id":1,"bbox":[435,0,136,364],"area":49504,"segmentation":[],"iscrowd":0},{"id":73,"image_id":26,"category_id":4,"bbox":[5,364,385,211],"area":81235,"segmentation":[],"iscrowd":0},{"id":74,"image_id":26,"category_id":2,"bbox":[435,364,205,276],"area":56580,"segmentation":[],"iscrowd":0},{"id":75,"image_id":27,"category_id":6,"bbox":[33,53,235,241],"area":56635,"segmentation":[],"iscrowd":0},{"id":76,"image_id":27,"category_id":6,"bbox":[268,0,372,294],"area":109368,"segmentation":[],"iscrowd":0},{"id":77,"image_id":27,"category_id":2,"bbox":[0,294,268,346],"area":92728,"segmentation":[],"iscrowd":0},{"id":78,"image_id":27,"category_id":4,"bbox":[443,379,197,261],"area":51417,"segmentation":[],"iscrowd":0},{"id":79,"image_id":28,"category_id":4,"bbox":[149,96,389,474],"area":184386,"segmentation":[],"iscrowd":0},{"id":80,"image_id":29,"category_id":5,"bbox":[0,0,166,313],"area":51958,"segmentation":[],"iscrowd":0},{"id":81,"image_id":29,"category_id":1,"bbox":[166,0,474,243],"area":115182,"segmentation":[],"iscrowd":0},{"id":82,"image_id":29,"category_id":2,"bbox":[0,313,166,327],"area":54282,"segmentation":[],"iscrowd":0},{"id":83,"image_id":29,"category_id":6,"bbox":[166,395,366,245],"area":89670,"segmentation":[],"iscrowd":0},{"id":84,"image_id":30,"category_id":5,"bbox":[0,0,115,204],"area":23460,"segmentation":[],"iscrowd":0},{"id":85,"image_id":30,"category_id":4,"bbox":[275,0,354,204],"area":72216,"segmentation":[],"iscrowd":0},{"id":86,"image_id":30,"category_id":6,"bbox":[0,250,275,390],"area":107250,"segmentation":[],"iscrowd":0},{"id":87,"image_id":30,"category_id":2,"bbox":[275,204,365,436],"area":159140,"segmentation":[],"iscrowd":0},{"id":88,"image_id":31,"category_id":3,"bbox":[44,0,586.5,640],"area":375360,"segmentation":[],"iscrowd":0},{"id":89,"image_id":32,"category_id":2,"bbox":[7,0,306,110],"area":33660,"segmentation":[],"iscrowd":0},{"id":90,"image_id":32,"category_id":2,"bbox":[321,0,319,204],"area":65076,"segmentation":[],"iscrowd":0},{"id":91,"image_id":32,"category_id":3,"bbox":[128,204,185,436],"area":80660,"segmentation":[],"iscrowd":0},{"id":92,"image_id":32,"category_id":2,"bbox":[418,204,222,436],"area":96792,"segmentation":[],"iscrowd":0},{"id":93,"image_id":33,"category_id":2,"bbox":[190,0,369,640],"area":236160,"segmentation":[],"iscrowd":0},{"id":94,"image_id":34,"category_id":3,"bbox":[0,0,300,294],"area":88200,"segmentation":[],"iscrowd":0},{"id":95,"image_id":34,"category_id":6,"bbox":[300,0,340,294],"area":99960,"segmentation":[],"iscrowd":0},{"id":96,"image_id":34,"category_id":2,"bbox":[0,294,182,346],"area":62972,"segmentation":[],"iscrowd":0},{"id":97,"image_id":35,"category_id":5,"bbox":[0,0,230,307],"area":70610,"segmentation":[],"iscrowd":0},{"id":98,"image_id":35,"category_id":2,"bbox":[245,0,339,307],"area":104073,"segmentation":[],"iscrowd":0},{"id":99,"image_id":35,"category_id":1,"bbox":[0,307,230,333],"area":76590,"segmentation":[],"iscrowd":0},{"id":100,"image_id":35,"category_id":2,"bbox":[230,307,343,333],"area":114219,"segmentation":[],"iscrowd":0},{"id":101,"image_id":36,"category_id":6,"bbox":[160,14,430.5,562],"area":241941,"segmentation":[],"iscrowd":0},{"id":102,"image_id":37,"category_id":1,"bbox":[0,101,288,302],"area":86976,"segmentation":[],"iscrowd":0},{"id":103,"image_id":37,"category_id":2,"bbox":[288,0,282,403],"area":113646,"segmentation":[],"iscrowd":0},{"id":104,"image_id":37,"category_id":1,"bbox":[0,417,288,223],"area":64224,"segmentation":[],"iscrowd":0},{"id":105,"image_id":37,"category_id":1,"bbox":[288,403,352,232],"area":81664,"segmentation":[],"iscrowd":0},{"id":106,"image_id":38,"category_id":4,"bbox":[0,0,236,249],"area":58764,"segmentation":[],"iscrowd":0},{"id":107,"image_id":38,"category_id":3,"bbox":[236,0,365,249],"area":90885,"segmentation":[],"iscrowd":0},{"id":108,"image_id":38,"category_id":3,"bbox":[0,249,236,375],"area":88500,"segmentation":[],"iscrowd":0},{"id":109,"image_id":38,"category_id":1,"bbox":[236,249,404,236],"area":95344,"segmentation":[],"iscrowd":0},{"id":110,"image_id":39,"category_id":6,"bbox":[0,0,233,268],"area":62444,"segmentation":[],"iscrowd":0},{"id":111,"image_id":39,"category_id":6,"bbox":[256,0,384,268],"area":102912,"segmentation":[],"iscrowd":0},{"id":112,"image_id":39,"category_id":6,"bbox":[57,268,199,372],"area":74028,"segmentation":[],"iscrowd":0},{"id":113,"image_id":39,"category_id":2,"bbox":[256,311,384,329],"area":126336,"segmentation":[],"iscrowd":0},{"id":114,"image_id":40,"category_id":6,"bbox":[54,2,195,369],"area":71955,"segmentation":[],"iscrowd":0},{"id":115,"image_id":40,"category_id":5,"bbox":[393,0,247,371],"area":91637,"segmentation":[],"iscrowd":0},{"id":116,"image_id":40,"category_id":6,"bbox":[249,371,338,269],"area":90922,"segmentation":[],"iscrowd":0},{"id":117,"image_id":41,"category_id":2,"bbox":[3,0,496,323],"area":160208,"segmentation":[],"iscrowd":0},{"id":118,"image_id":41,"category_id":5,"bbox":[499,0,141,358],"area":50478,"segmentation":[],"iscrowd":0},{"id":119,"image_id":41,"category_id":6,"bbox":[99,358,288,249],"area":71712,"segmentation":[],"iscrowd":0},{"id":120,"image_id":41,"category_id":1,"bbox":[499,358,141,282],"area":39762,"segmentation":[],"iscrowd":0},{"id":121,"image_id":42,"category_id":6,"bbox":[0,0,243,262],"area":63666,"segmentation":[],"iscrowd":0},{"id":122,"image_id":42,"category_id":2,"bbox":[336,0,289,262],"area":75718,"segmentation":[],"iscrowd":0},{"id":123,"image_id":42,"category_id":6,"bbox":[85,262,158,378],"area":59724,"segmentation":[],"iscrowd":0},{"id":124,"image_id":42,"category_id":5,"bbox":[255,262,385,368],"area":141680,"segmentation":[],"iscrowd":0},{"id":125,"image_id":43,"category_id":1,"bbox":[0,0,249,294],"area":73206,"segmentation":[],"iscrowd":0},{"id":126,"image_id":43,"category_id":2,"bbox":[251,0,389,384],"area":149376,"segmentation":[],"iscrowd":0},{"id":127,"image_id":43,"category_id":1,"bbox":[0,384,249,234],"area":58266,"segmentation":[],"iscrowd":0},{"id":128,"image_id":44,"category_id":6,"bbox":[67,117,490,523],"area":256270,"segmentation":[],"iscrowd":0},{"id":129,"image_id":45,"category_id":2,"bbox":[5,32,302,441],"area":133182,"segmentation":[],"iscrowd":0},{"id":130,"image_id":45,"category_id":6,"bbox":[307,0,333,473],"area":157509,"segmentation":[],"iscrowd":0},{"id":131,"image_id":45,"category_id":2,"bbox":[0,473,307,167],"area":51269,"segmentation":[],"iscrowd":0},{"id":132,"image_id":45,"category_id":3,"bbox":[432,473,208,167],"area":34736,"segmentation":[],"iscrowd":0},{"id":133,"image_id":46,"category_id":2,"bbox":[192,4,317,635.5],"area":201453.5,"segmentation":[],"iscrowd":0},{"id":134,"image_id":47,"category_id":2,"bbox":[0,0,301,236],"area":71036,"segmentation":[],"iscrowd":0},{"id":135,"image_id":47,"category_id":2,"bbox":[396,5,244,231],"area":56364,"segmentation":[],"iscrowd":0},{"id":136,"image_id":47,"category_id":1,"bbox":[0,236,388,352],"area":136576,"segmentation":[],"iscrowd":0},{"id":137,"image_id":47,"category_id":4,"bbox":[396,236,244,372],"area":90768,"segmentation":[],"iscrowd":0},{"id":138,"image_id":48,"category_id":3,"bbox":[67,0,381,339],"area":129159,"segmentation":[],"iscrowd":0},{"id":139,"image_id":48,"category_id":5,"bbox":[448,0,192,339],"area":65088,"segmentation":[],"iscrowd":0},{"id":140,"image_id":48,"category_id":1,"bbox":[0,339,448,301],"area":134848,"segmentation":[],"iscrowd":0},{"id":141,"image_id":48,"category_id":1,"bbox":[448,339,192,162],"area":31104,"segmentation":[],"iscrowd":0},{"id":142,"image_id":49,"category_id":2,"bbox":[2,24,279,283],"area":78957,"segmentation":[],"iscrowd":0},{"id":143,"image_id":49,"category_id":2,"bbox":[430,0,210,307],"area":64470,"segmentation":[],"iscrowd":0},{"id":144,"image_id":49,"category_id":5,"bbox":[138,307,143,326],"area":46618,"segmentation":[],"iscrowd":0},{"id":145,"image_id":49,"category_id":4,"bbox":[281,307,337,333],"area":112221,"segmentation":[],"iscrowd":0},{"id":146,"image_id":50,"category_id":3,"bbox":[0,0,345,198],"area":68310,"segmentation":[],"iscrowd":0},{"id":147,"image_id":50,"category_id":6,"bbox":[461,0,179,198],"area":35442,"segmentation":[],"iscrowd":0},{"id":148,"image_id":50,"category_id":4,"bbox":[0,198,345,436],"area":150420,"segmentation":[],"iscrowd":0},{"id":149,"image_id":50,"category_id":2,"bbox":[345,198,287,442],"area":126854,"segmentation":[],"iscrowd":0},{"id":150,"image_id":51,"category_id":5,"bbox":[0,0,307,243],"area":74601,"segmentation":[],"iscrowd":0},{"id":151,"image_id":51,"category_id":2,"bbox":[307,30,333,213],"area":70929,"segmentation":[],"iscrowd":0},{"id":152,"image_id":52,"category_id":6,"bbox":[120,77,429,455.5],"area":195409.5,"segmentation":[],"iscrowd":0},{"id":153,"image_id":53,"category_id":5,"bbox":[188,27,416.5,598.5],"area":249275.25,"segmentation":[],"iscrowd":0},{"id":154,"image_id":54,"category_id":5,"bbox":[169,58,445.5,559.5],"area":249257.25,"segmentation":[],"iscrowd":0},{"id":155,"image_id":55,"category_id":4,"bbox":[0,11,132,257],"area":33924,"segmentation":[],"iscrowd":0},{"id":156,"image_id":55,"category_id":3,"bbox":[306,0,334,268],"area":89512,"segmentation":[],"iscrowd":0},{"id":157,"image_id":55,"category_id":3,"bbox":[289,0,11,25],"area":275,"segmentation":[],"iscrowd":0},{"id":158,"image_id":55,"category_id":6,"bbox":[0,268,275,372],"area":102300,"segmentation":[],"iscrowd":0},{"id":159,"image_id":55,"category_id":1,"bbox":[321,268,319,359],"area":114521,"segmentation":[],"iscrowd":0},{"id":160,"image_id":56,"category_id":2,"bbox":[17,181,571,382.5],"area":218407.5,"segmentation":[],"iscrowd":0},{"id":161,"image_id":57,"category_id":6,"bbox":[117,90,491.5,507],"area":249190.5,"segmentation":[],"iscrowd":0},{"id":162,"image_id":58,"category_id":2,"bbox":[0,0,358,364],"area":130312,"segmentation":[],"iscrowd":0},{"id":163,"image_id":58,"category_id":2,"bbox":[358,0,282,364],"area":102648,"segmentation":[],"iscrowd":0},{"id":164,"image_id":58,"category_id":6,"bbox":[0,364,358,202],"area":72316,"segmentation":[],"iscrowd":0},{"id":165,"image_id":58,"category_id":2,"bbox":[358,364,282,276],"area":77832,"segmentation":[],"iscrowd":0},{"id":166,"image_id":59,"category_id":4,"bbox":[0,0,256,396],"area":101376,"segmentation":[],"iscrowd":0},{"id":167,"image_id":59,"category_id":5,"bbox":[256,0,384,396],"area":152064,"segmentation":[],"iscrowd":0},{"id":168,"image_id":59,"category_id":6,"bbox":[37,396,219,244],"area":53436,"segmentation":[],"iscrowd":0},{"id":169,"image_id":59,"category_id":3,"bbox":[256,396,384,244],"area":93696,"segmentation":[],"iscrowd":0},{"id":170,"image_id":60,"category_id":3,"bbox":[0,0,215,396],"area":85140,"segmentation":[],"iscrowd":0},{"id":171,"image_id":60,"category_id":3,"bbox":[335,17,305,379],"area":115595,"segmentation":[],"iscrowd":0},{"id":172,"image_id":60,"category_id":6,"bbox":[0,396,294,244],"area":71736,"segmentation":[],"iscrowd":0},{"id":173,"image_id":60,"category_id":6,"bbox":[294,396,208,244],"area":50752,"segmentation":[],"iscrowd":0},{"id":174,"image_id":61,"category_id":6,"bbox":[134,24,345,616],"area":212520,"segmentation":[],"iscrowd":0},{"id":175,"image_id":62,"category_id":1,"bbox":[40,173,560,346.5],"area":194040,"segmentation":[],"iscrowd":0},{"id":176,"image_id":63,"category_id":6,"bbox":[0,19,176,294],"area":51744,"segmentation":[],"iscrowd":0},{"id":177,"image_id":63,"category_id":2,"bbox":[243,0,397,313],"area":124261,"segmentation":[],"iscrowd":0},{"id":178,"image_id":63,"category_id":6,"bbox":[0,313,129,327],"area":42183,"segmentation":[],"iscrowd":0},{"id":179,"image_id":63,"category_id":2,"bbox":[325,313,315,327],"area":103005,"segmentation":[],"iscrowd":0},{"id":180,"image_id":64,"category_id":1,"bbox":[29,205,545.5,337],"area":183833.5,"segmentation":[],"iscrowd":0},{"id":181,"image_id":65,"category_id":2,"bbox":[0,0,320,324],"area":103680,"segmentation":[],"iscrowd":0},{"id":182,"image_id":65,"category_id":3,"bbox":[320,0,193,326],"area":62918,"segmentation":[],"iscrowd":0},{"id":183,"image_id":65,"category_id":3,"bbox":[0,377,320,263],"area":84160,"segmentation":[],"iscrowd":0},{"id":184,"image_id":65,"category_id":2,"bbox":[320,377,320,263],"area":84160,"segmentation":[],"iscrowd":0},{"id":185,"image_id":66,"category_id":2,"bbox":[4,0,309,435],"area":134415,"segmentation":[],"iscrowd":0},{"id":186,"image_id":66,"category_id":4,"bbox":[313,0,273,315],"area":85995,"segmentation":[],"iscrowd":0},{"id":187,"image_id":66,"category_id":5,"bbox":[0,435,313,205],"area":64165,"segmentation":[],"iscrowd":0},{"id":188,"image_id":66,"category_id":2,"bbox":[313,435,327,205],"area":67035,"segmentation":[],"iscrowd":0},{"id":189,"image_id":67,"category_id":6,"bbox":[56,0,347,326],"area":113122,"segmentation":[],"iscrowd":0},{"id":190,"image_id":67,"category_id":4,"bbox":[403,0,237,326],"area":77262,"segmentation":[],"iscrowd":0},{"id":191,"image_id":67,"category_id":5,"bbox":[3,326,400,314],"area":125600,"segmentation":[],"iscrowd":0},{"id":192,"image_id":67,"category_id":1,"bbox":[403,417,237,223],"area":52851,"segmentation":[],"iscrowd":0},{"id":193,"image_id":68,"category_id":4,"bbox":[82,21,295,356],"area":105020,"segmentation":[],"iscrowd":0},{"id":194,"image_id":68,"category_id":1,"bbox":[377,25,263,352],"area":92576,"segmentation":[],"iscrowd":0},{"id":195,"image_id":68,"category_id":6,"bbox":[0,377,377,263],"area":99151,"segmentation":[],"iscrowd":0},{"id":196,"image_id":68,"category_id":4,"bbox":[377,482,263,158],"area":41554,"segmentation":[],"iscrowd":0},{"id":197,"image_id":69,"category_id":6,"bbox":[0,0,339,518],"area":175602,"segmentation":[],"iscrowd":0},{"id":198,"image_id":69,"category_id":2,"bbox":[0,518,339,122],"area":41358,"segmentation":[],"iscrowd":0},{"id":199,"image_id":69,"category_id":6,"bbox":[339,518,301,122],"area":36722,"segmentation":[],"iscrowd":0},{"id":200,"image_id":70,"category_id":5,"bbox":[0,0,288,288],"area":82944,"segmentation":[],"iscrowd":0},{"id":201,"image_id":70,"category_id":4,"bbox":[288,0,308,288],"area":88704,"segmentation":[],"iscrowd":0},{"id":202,"image_id":70,"category_id":5,"bbox":[182,288,106,352],"area":37312,"segmentation":[],"iscrowd":0},{"id":203,"image_id":70,"category_id":1,"bbox":[288,446,352,194],"area":68288,"segmentation":[],"iscrowd":0},{"id":204,"image_id":71,"category_id":5,"bbox":[262,0,83,307],"area":25481,"segmentation":[],"iscrowd":0},{"id":205,"image_id":71,"category_id":4,"bbox":[0,353,345,287],"area":99015,"segmentation":[],"iscrowd":0},{"id":206,"image_id":71,"category_id":4,"bbox":[345,340,260,300],"area":78000,"segmentation":[],"iscrowd":0},{"id":207,"image_id":72,"category_id":4,"bbox":[97,0,210,243],"area":51030,"segmentation":[],"iscrowd":0},{"id":208,"image_id":72,"category_id":6,"bbox":[307,0,333,243],"area":80919,"segmentation":[],"iscrowd":0},{"id":209,"image_id":72,"category_id":2,"bbox":[0,243,307,397],"area":121879,"segmentation":[],"iscrowd":0},{"id":210,"image_id":72,"category_id":6,"bbox":[307,243,307,397],"area":121879,"segmentation":[],"iscrowd":0},{"id":211,"image_id":73,"category_id":1,"bbox":[0,0,332,165],"area":54780,"segmentation":[],"iscrowd":0},{"id":212,"image_id":73,"category_id":5,"bbox":[332,0,308,236],"area":72688,"segmentation":[],"iscrowd":0},{"id":213,"image_id":73,"category_id":6,"bbox":[0,337,284,303],"area":86052,"segmentation":[],"iscrowd":0},{"id":214,"image_id":73,"category_id":1,"bbox":[332,305,308,335],"area":103180,"segmentation":[],"iscrowd":0},{"id":215,"image_id":74,"category_id":3,"bbox":[0,0,364,313],"area":113932,"segmentation":[],"iscrowd":0},{"id":216,"image_id":74,"category_id":4,"bbox":[364,0,276,313],"area":86388,"segmentation":[],"iscrowd":0},{"id":217,"image_id":74,"category_id":3,"bbox":[0,377,364,263],"area":95732,"segmentation":[],"iscrowd":0},{"id":218,"image_id":74,"category_id":2,"bbox":[364,313,276,327],"area":90252,"segmentation":[],"iscrowd":0},{"id":219,"image_id":75,"category_id":2,"bbox":[35,0,297,397],"area":117909,"segmentation":[],"iscrowd":0},{"id":220,"image_id":75,"category_id":2,"bbox":[332,0,254,403],"area":102362,"segmentation":[],"iscrowd":0},{"id":221,"image_id":75,"category_id":4,"bbox":[0,403,323,237],"area":76551,"segmentation":[],"iscrowd":0},{"id":222,"image_id":75,"category_id":6,"bbox":[445,403,195,237],"area":46215,"segmentation":[],"iscrowd":0},{"id":223,"image_id":76,"category_id":5,"bbox":[195,23,406,555],"area":225330,"segmentation":[],"iscrowd":0},{"id":224,"image_id":77,"category_id":1,"bbox":[0,0,308,198],"area":60984,"segmentation":[],"iscrowd":0},{"id":225,"image_id":77,"category_id":3,"bbox":[352,8,288,190],"area":54720,"segmentation":[],"iscrowd":0},{"id":226,"image_id":77,"category_id":6,"bbox":[0,198,352,442],"area":155584,"segmentation":[],"iscrowd":0},{"id":227,"image_id":77,"category_id":2,"bbox":[352,198,288,442],"area":127296,"segmentation":[],"iscrowd":0},{"id":228,"image_id":78,"category_id":1,"bbox":[0,0,147,437],"area":64239,"segmentation":[],"iscrowd":0},{"id":229,"image_id":78,"category_id":5,"bbox":[288,0,352,448],"area":157696,"segmentation":[],"iscrowd":0},{"id":230,"image_id":78,"category_id":2,"bbox":[0,456,147,184],"area":27048,"segmentation":[],"iscrowd":0},{"id":231,"image_id":78,"category_id":1,"bbox":[147,480,493,160],"area":78880,"segmentation":[],"iscrowd":0},{"id":232,"image_id":79,"category_id":3,"bbox":[162,95,469,473],"area":221837,"segmentation":[],"iscrowd":0},{"id":233,"image_id":80,"category_id":4,"bbox":[190,40,319.5,438],"area":139941,"segmentation":[],"iscrowd":0}]}